"","ensembl_gene_id","baseMean","log2FoldChange","lfcSE","stat","pvalue","padj","sig"
"1","AQUIFEX_01423",10007.1869831395,5.0997335746773,0.0470443936483428,108.402578483588,0,0,"yes"
"2","AQUIFEX_01759",3032.71540149823,5.14727974714678,0.0878132398724032,58.6162149879223,0,0,"yes"
"3","AQUIFEX_01761",2756.24272092253,4.98755251821326,0.0882107224458968,56.541340779431,0,0,"yes"
"4","AQUIFEX_01731",97.4298438388402,-10.0509019786402,1.45697155381575,-6.89848882246006,5.25586246363053e-12,1.98146014878871e-09,"yes"
"5","AQUIFEX_01740",73.2592606780426,-9.63955034913084,1.45560577669534,-6.62236335102728,3.53500803654993e-11,1.06615842382346e-08,"yes"
